IDCode,index
paxi044,0
pivi588,1
weda047,2
zoka501,3
hyku415,4
syvi476,5
kuqy630,6
node314,7
mybu425,8
pyqy867,9
tywo507,10
nuhi137,11
vuho146,12
nysa238,13
kisa730,14
doza768,15
sapu497,16
dila385,17
pymu787,18
bejy525,19
bajo794,20
dugu064,21
hiwu738,22
zucy684,23
huxe147,24
woza563,25
neku787,26
navo572,27
gola051,28
pyzo535,29
xoky149,30
loxu319,31
qisu640,32
gery678,33
huho039,34
wozo826,35
soru820,36
fari709,37
qapo730,38
najy705,39
sejy814,40
laze716,41
kojo378,42
tepu554,43
dyva324,44
pusu302,45
xamy888,46
ninu744,47
punu537,48
zufa556,49
losy787,50
fuxa711,51
myzo000,52
jygo886,53
dyzo734,54
ciky680,55
nopo152,56
tivy194,57
biry098,58
tebo981,59
jyma323,60
cani065,61
puxi257,62
jemy201,63
woqa919,64
huze427,65
jaxe723,66
xamy676,67
lowy720,68
mixa281,69
sipy389,70
bube109,71
boqe999,72
guzo911,73
guxe800,74
dove442,75
zivi062,76
lury747,77
tuve726,78
vihu826,79
hata313,80
hoki309,81
kyzy131,82
syti148,83
syco853,84
sefy975,85
jese656,86
guge611,87
mesi806,88
sesi698,89
gopa505,90
duwi894,91
hasa034,92
pile112,93
sivi804,94
maho931,95
waho571,96
mowy859,97
rihi168,98
siry766,99
qefe646,100
zojo883,101
dero258,102
mika525,103
xohi599,104
tebe135,105
naso669,106
qecu035,107
zywy107,108
cave700,109
nupy082,110
hoge626,111
nivo041,112
karo919,113
vuhe805,114
kebi083,115
faly535,116
gelo627,117
vili771,118
katu927,119
xiza150,120
bevi590,121
huve181,122
fite050,123
nysu060,124
kaho190,125
lany944,126
maqu534,127
wuga870,128
wyva352,129
hime464,130
jexu775,131
tuga736,132
hyfe498,133
bomo360,134
lomo204,135
mipe544,136
hufy497,137
rapo919,138
gata076,139
muvo194,140
cywo537,141
xamy327,142
cogu074,143
rapo615,144
zady580,145
nujo284,146
syzu625,147
myte214,148
tyzo440,149
vyzo298,150
hiwu589,151
sazy810,152
turi097,153
foji729,154
dexe201,155
dosu709,156
doxe392,157
culu497,158
lije367,159
vice024,160
kapy740,161
vudi262,162
tuza510,163
tubo945,164
bofi323,165
zeji633,166
bowo488,167
pipo687,168
core934,169
dedu084,170
lowa532,171
zuha759,172
qafu966,173
lobo127,174
homa046,175
keno764,176
habe142,177
joti731,178
reve265,179
cyca115,180
rawo522,181
pogi169,182
vepi727,183
risy585,184
fefu774,185
wyxo615,186
ciby707,187
xuvy948,188
ravy196,189
loge702,190
viry492,191
gowa049,192
vyva107,193
duxo262,194
peto053,195
difi858,196
xoru423,197
wizy437,198
kuge219,199
hazu473,200
gono087,201
vury347,202
copo281,203
heda014,204
powu461,205
peqa279,206
lufy687,207
koze985,208
hadi890,209
recu163,210
xyzi642,211
nejy388,212
tezy480,213
nawu690,214
mofe780,215
nily317,216
roho333,217
xime971,218
muqo157,219
riby296,220
pala257,221
tuby409,222
hoxo855,223
qixy634,224
niri091,225
lazi600,226
qedo478,227
ruhu758,228
cima563,229
lyzy104,230
xafy802,231
bacy598,232
kexi927,233
cumo221,234
kami789,235
zoko875,236
sina926,237
fise899,238
cija437,239
manu258,240
zuwa573,241
joxi410,242
muta539,243
reqy562,244
doxe492,245
gylu244,246
maxy370,247
ryko512,248
kula014,249
jeqy595,250
guva627,251
lohy238,252
cobi870,253
giki066,254
hywy001,255
feji918,256
luli756,257
wumu083,258
cyga680,259
buvy316,260
rejy122,261
dusi300,262
howe436,263
ropi792,264
jemy300,265
qexo432,266
kyso927,267
cozi663,268
vani542,269
kaxu871,270
moku835,271
cahe192,272
feso129,273
tufa140,274
zigi489,275
dahi696,276
quhe482,277
taxa827,278
vuga321,279
nycu731,280
raxy329,281
nyfe489,282
texu966,283
kifo712,284
pajo050,285
hefy659,286
tujy672,287
cyfe247,288
xori482,289
raje697,290
biwu043,291
cylu852,292
fode209,293
woju333,294
saca329,295
jizi110,296
vyxi492,297
xehy451,298
feke878,299
rozu771,300
duvi856,301
nexu635,302
cozi454,303
saze236,304
quzy338,305
lula174,306
buzo685,307
huby293,308
dyhi182,309
tatu362,310
bene344,311
keho061,312
vyxy108,313
zusa663,314
nehe056,315
myve834,316
tyhy481,317
sati762,318
biku776,319
wify666,320
sony276,321
tusi463,322
baco446,323
coni238,324
tuvu087,325
vuci475,326
seto741,327
jewe923,328
jaqy340,329
pubu440,330
gyjy255,331
zyte492,332
ruco451,333
loda300,334
moly152,335
cuba307,336
jupo405,337
xuke183,338
mado232,339
zafy372,340
gyly160,341
tapi010,342
gelu604,343
qiqi041,344
ratu271,345
kyqu130,346
lucu601,347
kama922,348
zoma564,349
puju088,350
jufy997,351
wyja070,352
dasy955,353
wyki565,354
garu074,355
qyxy586,356
kegi864,357
gyge774,358
vyda893,359
vuvy608,360
vizo712,361
givi158,362
caro445,363
nene689,364
ryfy568,365
johy783,366
sulo956,367
gony054,368
puca767,369
baky109,370
mabo887,371
cona428,372
lilo882,373
gycy436,374
jyri631,375
safu128,376
fore104,377
zabe850,378
woci389,379
kygi723,380
qejy219,381
jago498,382
buby593,383
dapu822,384
sugu976,385
wuxa997,386
tiqy778,387
xyfe491,388
ryhy064,389
kufi222,390
xaja332,391
fofa613,392
viba035,393
qewy924,394
pytu496,395
tosa657,396
keri121,397
bofi991,398
bihi184,399
piro376,400
zejy480,401
zapy404,402
lusi512,403
sedo490,404
davu999,405
buby236,406
weru214,407
tyly265,408
nise834,409
voxy002,410
fypi681,411
xopa120,412
wari483,413
kegy317,414
geka905,415
lore323,416
vane668,417
zuxy510,418
masu336,419
xise560,420
zomi496,421
lilu285,422
heqi003,423
jise415,424
vabe169,425
kofa904,426
peqo117,427
gaho243,428
mude815,429
raxe285,430
qami382,431
bebo956,432
cofi309,433
buqe642,434
vuzo690,435
posy958,436
gaga585,437
vopa930,438
xutu412,439
doxi119,440
feqy379,441
xypo299,442
gahu141,443
kyse146,444
sedi312,445
nasi298,446
naky151,447
koqa816,448
sila763,449
pody147,450
voza333,451
tiro932,452
wujy562,453
hamu369,454
nape687,455
gevi782,456
qoha890,457
fili803,458
puce552,459
buny935,460
pimi228,461
kyjo289,462
bepo134,463
kise589,464
remi231,465
qyjo579,466
cyhu257,467
diha837,468
ware232,469
hyge979,470
biqe951,471
jide437,472
zipu412,473
vate767,474
mefy253,475
qafe413,476
lota555,477
mecu237,478
cidy099,479
xoba600,480
joce161,481
kywu572,482
jefi901,483
mari840,484
nypy058,485
rino885,486
maju644,487
qosy291,488
posy537,489
xoki390,490
fagi164,491
zozy719,492
bopa107,493
jyly989,494
togu404,495
gosa272,496
fovo989,497
sira606,498
loby351,499
fike806,500
fafe171,501
zyvo780,502
xune455,503
vamu972,504
suzo040,505
wype120,506
jicu869,507
wero373,508
juqo313,509
vexo008,510
punu787,511
tomo782,512
cupe992,513
kyjo535,514
raja244,515
pino324,516
qutu379,517
nolu547,518
cape571,519
coma628,520
mida684,521
gaqe214,522
pufe463,523
fifa517,524
wuzy577,525
sire515,526
xyhi085,527
nexy906,528
pyzi618,529
muku118,530
kewi488,531
xafu780,532
wowy820,533
ryzo168,534
xavy753,535
deje129,536
