IDCode,n_items,accuracy,avg_rt,var_rt,rt_cv,longest_correct_streak,longest_incorrect_streak,consecutive_correct_rate
paxi044,57.0,0.15789473684210525,13.80953216374269,517.5914627622408,1.647458890392573,3.0,28.0,0.05357142857142857
pivi588,57.0,0.9122807017543859,17.59305263157895,476.24070791473997,1.2404294128848605,23.0,2.0,0.8571428571428571
weda047,57.0,0.8421052631578947,12.279438596491229,193.9920279113408,1.134262123100578,26.0,2.0,0.7321428571428571
zoka501,57.0,0.6666666666666666,15.7970350877193,109.1959654933897,0.6614967480592369,15.0,4.0,0.5
hyku415,57.0,0.7368421052631579,29.428684210526313,1214.9436174217105,1.1844240498096024,25.0,3.0,0.6071428571428571
syvi476,57.0,0.38596491228070173,10.261912280701754,73.10775409990602,0.8332079848181139,7.0,11.0,0.23214285714285715
kuqy630,57.0,0.7894736842105263,25.612000000000002,638.3340043675596,0.9864623104518906,12.0,3.0,0.6428571428571429
node314,57.0,0.631578947368421,27.083017543859647,636.9025242987939,0.931835891238797,14.0,4.0,0.4642857142857143
mybu425,57.0,0.6842105263157895,16.759561403508773,505.0352370175909,1.340905559092655,13.0,6.0,0.5535714285714286
pyqy867,57.0,0.7894736842105263,17.571859649122807,215.1964075731046,0.834833336102368,12.0,3.0,0.625
tywo507,57.0,0.8245614035087719,12.153684210526318,139.35995172796052,0.9713171250516629,17.0,2.0,0.7142857142857143
nuhi137,57.0,0.5263157894736842,13.84963157894737,95.39702943237782,0.7052274447664166,9.0,6.0,0.35714285714285715
vuho146,57.0,0.6140350877192983,19.521622807017547,338.27165956589903,0.9421431391717858,9.0,5.0,0.4642857142857143
nysa238,57.0,0.5263157894736842,25.55490643274854,579.7054781067634,0.942170293853712,13.0,9.0,0.4107142857142857
kisa730,57.0,0.7368421052631579,33.54780701754386,1450.0532061742947,1.1350835580487364,15.0,4.0,0.5535714285714286
doza768,57.0,0.6140350877192983,33.15750877192983,786.7169335377193,0.845916226776127,6.0,4.0,0.39285714285714285
sapu497,57.0,0.631578947368421,19.541701754385965,279.98527908803254,0.8562591356592493,12.0,6.0,0.5
dila385,57.0,0.7192982456140351,17.14982456140351,305.0947816026002,1.0184922016337274,13.0,4.0,0.6071428571428571
pymu787,57.0,0.5789473684210527,19.41884210526316,720.5617202401002,1.382331684991926,17.0,16.0,0.48214285714285715
bejy525,57.0,0.7017543859649122,22.3180701754386,496.15805034855896,0.9980524896943409,18.0,5.0,0.5892857142857143
bajo794,57.0,0.7543859649122807,18.008245614035083,199.34914554722744,0.7840356020680788,17.0,4.0,0.6071428571428571
dugu064,57.0,0.49122807017543857,19.179385964912278,461.8090977180138,1.1204604804191083,15.0,9.0,0.375
hiwu738,57.0,0.8245614035087719,14.470684210526315,231.12485320712716,1.050592407830047,15.0,2.0,0.7142857142857143
zucy684,57.0,0.7894736842105263,27.896701754385962,812.1145959505326,1.0215409922741394,21.0,4.0,0.6964285714285714
huxe147,57.0,0.631578947368421,19.5750350877193,186.32523286690162,0.6973218716328761,11.0,6.0,0.44642857142857145
woza563,57.0,0.6140350877192983,27.448298245614033,563.5674113356515,0.8648833009689311,9.0,5.0,0.44642857142857145
neku787,57.0,0.7719298245614035,17.637947368421052,269.5221608796209,0.9307846180698262,12.0,3.0,0.6428571428571429
navo572,57.0,0.6491228070175439,19.70777192982456,165.4779078467575,0.6527283607451257,13.0,5.0,0.5
gola051,57.0,0.6666666666666666,13.354245614035088,52.28851087550127,0.5414816919417155,12.0,5.0,0.5357142857142857
pyzo535,57.0,0.3333333333333333,22.29757894736842,432.70458070437047,0.9329063218903654,7.0,30.0,0.25
xoky149,57.0,0.6666666666666666,20.52459649122807,489.20206157593987,1.077629598966115,9.0,8.0,0.5178571428571429
loxu319,57.0,0.8947368421052632,19.746719298245615,229.89374040878758,0.7678362658323785,30.0,3.0,0.8392857142857143
qisu640,57.0,0.5263157894736842,14.703596491228073,484.5358271250471,1.4970605683939426,12.0,5.0,0.3392857142857143
gery678,57.0,0.3508771929824561,14.388131578947368,54.111478400011755,0.5112582145689276,6.0,26.0,0.25
huho039,57.0,0.7719298245614035,24.455824561403507,738.9649655276002,1.1115515643439369,11.0,8.0,0.6964285714285714
wozo826,57.0,0.47368421052631576,26.274087719298247,598.0615909696975,0.9307762869312897,15.0,17.0,0.375
soru820,57.0,0.45614035087719296,28.603350877192984,590.7036466836154,0.8497044884385824,9.0,8.0,0.2857142857142857
fari709,57.0,0.2807017543859649,17.352,136.6007974873512,0.673561225432978,4.0,23.0,0.125
qapo730,57.0,0.5614035087719298,20.82954385964912,263.36668941753607,0.7791133800475226,11.0,5.0,0.4107142857142857
najy705,57.0,0.5789473684210527,15.616719298245615,57.19542058557331,0.48427363401535994,8.0,14.0,0.42857142857142855
sejy814,57.0,0.8245614035087719,13.521947368421053,173.67978934777565,0.9746201827629585,15.0,3.0,0.7142857142857143
laze716,57.0,0.7017543859649122,19.038999999999998,336.20379006607135,0.9630684787530787,15.0,4.0,0.5892857142857143
kojo378,57.0,0.45614035087719296,13.19675438596491,110.95994673085842,0.7982078342320564,5.0,12.0,0.26785714285714285
tepu554,57.0,0.8245614035087719,18.45075438596491,101.47000240377507,0.5459523097738381,20.0,3.0,0.7142857142857143
dyva324,57.0,0.45614035087719296,16.967438596491228,163.84780660241228,0.7544040822061003,6.0,5.0,0.25
pusu302,57.0,0.24561403508771928,22.391640350877193,851.7116959853817,1.303348017254989,4.0,26.0,0.14285714285714285
xamy888,57.0,0.6491228070175439,15.674894736842106,109.51134869794801,0.667613224307385,8.0,4.0,0.42857142857142855
ninu744,57.0,0.38596491228070173,13.385535087719298,68.464124691604,0.6181527323274819,8.0,13.0,0.25
punu537,57.0,0.6666666666666666,12.133473684210525,95.69375509989037,0.8062257147185696,12.0,5.0,0.5357142857142857
zufa556,57.0,0.21052631578947367,17.223947368421054,106.8542618462876,0.6001547317676209,4.0,16.0,0.08928571428571429
losy787,57.0,0.42105263157894735,23.35185087719298,521.6084993967851,0.9780273980291954,13.0,26.0,0.3392857142857143
fuxa711,57.0,0.5789473684210527,17.50221052631579,192.22269537066106,0.7921536504166427,11.0,6.0,0.4107142857142857
myzo000,57.0,0.7368421052631579,22.6590350877193,404.24928284755646,0.8873260203147643,15.0,4.0,0.6071428571428571
jygo886,57.0,0.47368421052631576,20.806456140350875,264.8446462325658,0.7821633887937126,5.0,5.0,0.26785714285714285
dyzo734,57.0,0.08771929824561403,13.902070175438597,162.06820825838037,0.9157342102412048,2.0,30.0,0.017857142857142856
ciky680,57.0,0.8245614035087719,21.884245614035088,176.86011832639412,0.6076917987447821,20.0,3.0,0.7142857142857143
nopo152,57.0,0.543859649122807,12.905201754385965,93.2335117927945,0.7482060627128748,14.0,11.0,0.4107142857142857
tivy194,57.0,0.631578947368421,13.268298245614034,114.29156772493734,0.805734333419651,7.0,3.0,0.4107142857142857
biry098,57.0,0.5789473684210527,22.27848245614035,199.81157124358558,0.634489899350938,10.0,10.0,0.42857142857142855
tebo981,57.0,0.8421052631578947,14.337543859649124,174.29625361768484,0.9208083878334594,31.0,3.0,0.7142857142857143
jyma323,57.0,0.7719298245614035,13.419701754385965,197.16415351005634,1.0463358734500832,19.0,3.0,0.625
cani065,57.0,0.7894736842105263,18.960263157894737,169.10006513099935,0.6858474474253041,21.0,2.0,0.6428571428571429
puxi257,57.0,0.5263157894736842,11.94059649122807,167.4949886577851,1.0838642364779631,8.0,10.0,0.35714285714285715
jemy201,57.0,0.6842105263157895,14.225438596491228,109.42377511907895,0.7353433707871838,11.0,5.0,0.5535714285714286
woqa919,57.0,0.7719298245614035,22.11240350877193,291.6663283705827,0.7723376323847553,10.0,3.0,0.6071428571428571
huze427,57.0,0.45614035087719296,12.039859649122805,73.52557484244986,0.7121931463495458,5.0,11.0,0.2857142857142857
jaxe723,57.0,0.8070175438596491,14.84777192982456,106.62915581223369,0.6954672723003287,14.0,2.0,0.6785714285714286
xamy676,57.0,0.6491228070175439,18.09140350877193,271.4952536045113,0.9107703012635594,7.0,5.0,0.4642857142857143
lowy720,57.0,0.7192982456140351,23.965456140350877,2110.592748581971,1.9169753190892025,11.0,4.0,0.6071428571428571
mixa281,57.0,0.5614035087719298,19.32026315789474,244.5632571845708,0.8094360958858423,13.0,7.0,0.4107142857142857
sipy389,57.0,0.42105263157894735,20.45113157894737,145.78764296727365,0.5903954670088749,10.0,27.0,0.375
bube109,57.0,0.7719298245614035,18.464087719298245,182.59646535883456,0.7318436828817276,10.0,4.0,0.6428571428571429
boqe999,57.0,0.8421052631578947,13.779157894736842,65.6617356234336,0.5880760631090057,36.0,2.0,0.75
guzo911,57.0,0.7192982456140351,24.17329824561404,454.27914687984804,0.8817094397134099,12.0,10.0,0.6428571428571429
guxe800,57.0,0.7017543859649122,21.29433333333333,497.40807139226183,1.0473512757782057,16.0,4.0,0.5357142857142857
dove442,57.0,0.6666666666666666,18.947285087719298,567.3281877026159,1.257101056241391,11.0,5.0,0.5178571428571429
zivi062,57.0,0.6491228070175439,11.819894736842105,55.575680522352755,0.6307086477968012,17.0,5.0,0.5
lury747,57.0,0.5263157894736842,16.38117543859649,202.4653046046836,0.8686208385926941,9.0,4.0,0.30357142857142855
tuve726,57.0,0.6842105263157895,20.034999999999997,336.9989891880952,0.9162731329897005,12.0,5.0,0.5357142857142857
vihu826,57.0,0.7894736842105263,32.40178947368421,1505.213282006971,1.1973745554356359,15.0,3.0,0.6607142857142857
hata313,57.0,0.631578947368421,17.303807017543857,327.89938192875934,1.0464744661714251,14.0,10.0,0.5
hoki309,57.0,0.543859649122807,18.288298245614033,356.282745091604,1.0321055165118482,6.0,5.0,0.375
kyzy131,57.0,0.5263157894736842,18.317087719298247,228.06115487907263,0.8244593248992037,8.0,7.0,0.3392857142857143
syti148,57.0,0.7719298245614035,17.816257309941523,357.5759104339982,1.0613720583134012,14.0,4.0,0.6607142857142857
syco853,57.0,0.8771929824561403,28.782035087719297,936.9841753936873,1.0635174737286093,23.0,1.0,0.7857142857142857
sefy975,57.0,0.543859649122807,17.369728070175437,62.41676232145989,0.45483889854334864,12.0,9.0,0.39285714285714285
jese656,57.0,0.8070175438596491,18.831771929824562,280.19587746580515,0.8888729392308575,16.0,3.0,0.6964285714285714
guge611,57.0,0.5614035087719298,19.75942105263158,173.90231991091792,0.6673881207928626,11.0,9.0,0.42857142857142855
mesi806,57.0,0.631578947368421,30.716596491228067,993.5437179405233,1.0261725619633888,9.0,5.0,0.42857142857142855
sesi698,57.0,0.8070175438596491,15.213333333333335,185.59531253958335,0.8954866601183583,21.0,2.0,0.6785714285714286
gopa505,57.0,0.6842105263157895,32.10701754385965,632.6878421901629,0.783420224937739,20.0,5.0,0.5178571428571429
duwi894,57.0,0.7894736842105263,17.015719298245614,404.09910370164465,1.1813909265572684,15.0,3.0,0.6428571428571429
hasa034,57.0,0.6666666666666666,29.271456140350878,523.0885679885181,0.781345808841548,7.0,3.0,0.5
pile112,57.0,0.8771929824561403,16.495298245614034,352.65430525172303,1.1384512094015729,22.0,2.0,0.7857142857142857
sivi804,57.0,0.631578947368421,20.11117543859649,157.17164655736218,0.6233753813467668,8.0,5.0,0.5
maho931,57.0,0.5964912280701754,11.719736842105263,426.33417810882673,1.7618024724319308,12.0,12.0,0.42857142857142855
waho571,57.0,0.6491228070175439,21.398070175438598,140.24137526343983,0.5534309890084721,14.0,7.0,0.48214285714285715
mowy859,57.0,0.543859649122807,29.192192982456138,786.6634936698308,0.96078845724978,7.0,9.0,0.4107142857142857
rihi168,57.0,0.42105263157894735,22.009736842105266,859.6441923684995,1.3321235828579139,4.0,14.0,0.19642857142857142
siry766,57.0,0.7192982456140351,33.1669649122807,1264.123714791009,1.0719858629183308,13.0,4.0,0.5714285714285714
qefe646,57.0,0.45614035087719296,19.316561403508775,348.60567793723374,0.9665791199288915,5.0,14.0,0.2857142857142857
zojo883,57.0,0.8771929824561403,15.136122807017545,163.22329864893484,0.8440660501191961,16.0,2.0,0.7857142857142857
dero258,57.0,0.8070175438596491,9.838298245614036,66.82693144725877,0.8309134250078803,23.0,3.0,0.7142857142857143
mika525,57.0,0.6140350877192983,15.39161403508772,94.5536491852757,0.6317641574334772,11.0,4.0,0.4642857142857143
xohi599,57.0,0.7894736842105263,12.00057894736842,93.04757634097744,0.8038043169644083,14.0,3.0,0.6607142857142857
tebe135,57.0,0.6491228070175439,19.875614035087718,725.9958687879541,1.355646696555365,9.0,5.0,0.48214285714285715
naso669,57.0,0.5087719298245614,13.515614035087719,74.41349514063286,0.6382488935372035,6.0,13.0,0.3392857142857143
qecu035,57.0,0.8245614035087719,24.6149649122807,1389.7588558463656,1.5145042766549184,17.0,3.0,0.75
zywy107,57.0,0.6666666666666666,20.80873684210526,414.5268939682018,0.9784319778643398,11.0,4.0,0.5178571428571429
cave700,57.0,0.5263157894736842,15.130964912280703,230.00531018773498,1.0023105629230993,9.0,9.0,0.4107142857142857
nupy082,57.0,0.8245614035087719,13.923526315789475,355.4884852710214,1.3541398817118504,26.0,4.0,0.7321428571428571
hoge626,57.0,0.8947368421052632,13.256719298245615,178.7173511930138,1.008433580318648,25.0,3.0,0.8392857142857143
nivo041,57.0,0.8070175438596491,24.145719298245616,736.905027423371,1.124257030798086,12.0,2.0,0.6785714285714286
karo919,57.0,0.43859649122807015,16.2520350877193,255.80733342940167,0.9841215546293698,6.0,9.0,0.30357142857142855
vuhe805,57.0,0.6842105263157895,22.70705263157895,198.54888621682326,0.6205445432456314,12.0,3.0,0.5178571428571429
kebi083,57.0,0.7543859649122807,10.978122807017543,68.70436818613722,0.7550297954334461,17.0,5.0,0.5892857142857143
faly535,57.0,0.5964912280701754,21.584280701754388,277.1240446677162,0.7712577199528929,11.0,5.0,0.4107142857142857
gelo627,57.0,0.543859649122807,14.30877192982456,190.88435368068605,0.9655678669238336,8.0,10.0,0.3392857142857143
vili771,57.0,0.8070175438596491,16.683456140350874,264.86664210905394,0.9755007528821186,23.0,3.0,0.6964285714285714
katu927,57.0,0.7543859649122807,17.32215789473684,188.16409337045744,0.7918927796706753,13.0,3.0,0.6071428571428571
xiza150,57.0,0.49122807017543857,12.464877192982454,71.65848164000627,0.6791188681824394,11.0,8.0,0.39285714285714285
bevi590,57.0,0.8070175438596491,8.304526315789476,28.16473224840226,0.6390545742570756,15.0,3.0,0.6964285714285714
huve181,57.0,0.5789473684210527,18.8629298245614,296.0960048839756,0.9122358272652329,5.0,5.0,0.35714285714285715
fite050,57.0,0.8245614035087719,12.745947368421053,94.8742972183114,0.7641914337237011,18.0,5.0,0.7321428571428571
nysu060,57.0,0.7894736842105263,12.777192982456139,83.08703237965226,0.7133968206119312,18.0,4.0,0.6785714285714286
kaho190,57.0,0.6842105263157895,24.550061403508774,403.3216618306116,0.8180374594725383,11.0,4.0,0.5357142857142857
lany944,57.0,0.9122807017543859,10.481912280701755,62.8335109421679,0.7562321604982786,44.0,3.0,0.875
maqu534,57.0,0.7192982456140351,19.70164912280702,337.4190475419486,0.9323569604453025,16.0,7.0,0.625
wuga870,57.0,0.7017543859649122,22.30177192982456,419.9544446277099,0.9188861821824839,9.0,4.0,0.5178571428571429
wyva352,57.0,0.7719298245614035,28.059754385964915,588.1367373784773,0.8642816428722083,15.0,2.0,0.625
hime464,57.0,0.7192982456140351,15.283315789473683,154.72258592528192,0.8138779282238268,12.0,3.0,0.5892857142857143
jexu775,57.0,0.7368421052631579,18.12591228070176,251.83725134246552,0.8755079850237147,16.0,5.0,0.6071428571428571
tuga736,57.0,0.6140350877192983,11.686859649122805,167.80328786000942,1.1084150257281278,8.0,4.0,0.4107142857142857
hyfe498,57.0,0.543859649122807,11.386616959064328,84.01910312809021,0.8049970877827105,8.0,12.0,0.4107142857142857
bomo360,57.0,0.8421052631578947,15.236719298245612,176.27095099956142,0.8713625830020708,15.0,2.0,0.75
lomo204,57.0,0.9649122807017544,16.518157894736845,297.99152155438594,1.0450578713623973,51.0,2.0,0.9464285714285714
mipe544,57.0,0.7543859649122807,14.051140350877192,56.50170943292607,0.5349574276826521,15.0,3.0,0.6071428571428571
hufy497,57.0,0.8421052631578947,10.335570175438598,145.72384723367796,1.1679678118612835,20.0,2.0,0.75
rapo919,57.0,0.7543859649122807,11.951552631578947,285.40578173140665,1.413536590578895,12.0,6.0,0.6428571428571429
gata076,57.0,0.3508771929824561,22.70443859649123,395.80568987056694,0.8762544747728555,6.0,17.0,0.23214285714285715
muvo194,57.0,0.543859649122807,28.013105263157897,658.1704193010729,0.9158153670835805,10.0,15.0,0.375
cywo537,57.0,0.7192982456140351,18.52222807017544,318.0530999955671,0.9628454643985841,14.0,5.0,0.5535714285714286
xamy327,57.0,0.6140350877192983,31.392508771929826,1667.2981742789395,1.300710400931199,14.0,13.0,0.5178571428571429
cogu074,57.0,0.8070175438596491,19.4299649122807,324.0055921615445,0.926412138077173,19.0,3.0,0.6785714285714286
rapo615,57.0,0.47368421052631576,30.648333333333333,600.7545002650297,0.7997268071552368,10.0,19.0,0.39285714285714285
zady580,57.0,0.5964912280701754,27.183719298245613,706.064945212359,0.9774925319891214,11.0,14.0,0.48214285714285715
nujo284,57.0,0.7368421052631579,21.188697368421053,491.2135046712875,1.0459980886341524,11.0,3.0,0.5535714285714286
syzu625,57.0,0.6666666666666666,23.750701754385965,1100.6856640767232,1.396867486747262,20.0,5.0,0.5178571428571429
myte214,57.0,0.7192982456140351,30.384087719298247,2182.3866123061553,1.5375159975138,12.0,4.0,0.5892857142857143
tyzo440,57.0,0.5789473684210527,24.262999999999998,449.1461768937499,0.8734727394301494,11.0,8.0,0.4107142857142857
vyzo298,57.0,0.7894736842105263,14.330877192982456,104.68017065220863,0.7139362546936453,26.0,2.0,0.6428571428571429
hiwu589,57.0,0.6666666666666666,21.69471052631579,1769.187042076018,1.9388000186573082,8.0,7.0,0.5
sazy810,57.0,0.8070175438596491,15.717315789473684,192.66941227438912,0.8831368513155347,18.0,3.0,0.6785714285714286
turi097,57.0,0.6666666666666666,13.99242105263158,232.44741221925116,1.0896060164174581,17.0,10.0,0.5535714285714286
foji729,57.0,0.7368421052631579,13.371912280701753,107.37497943175126,0.7749220663464661,14.0,2.0,0.5535714285714286
dexe201,57.0,0.8070175438596491,16.824859649122807,211.14606301060465,0.8636545074219812,9.0,2.0,0.6607142857142857
dosu709,57.0,0.7192982456140351,23.540140350877188,462.0575082486999,0.9131433653797545,18.0,10.0,0.6785714285714286
doxe392,57.0,0.5789473684210527,29.101640350877194,2198.6135533741462,1.6112279284924704,8.0,13.0,0.44642857142857145
culu497,57.0,0.7017543859649122,21.119263157894732,408.4558238223684,0.9569599988812855,16.0,5.0,0.5714285714285714
lije367,57.0,0.9122807017543859,22.926228070175437,924.4964314461622,1.3262335529145877,34.0,2.0,0.8392857142857143
vice024,57.0,0.8245614035087719,9.79898245614035,53.15404635444861,0.7440244119610723,11.0,2.0,0.6964285714285714
kapy740,57.0,0.8245614035087719,19.612701754385963,285.941385704104,0.8621862342203338,33.0,4.0,0.7142857142857143
vudi262,57.0,0.631578947368421,14.378508771929825,204.8236436314693,0.9953508624333259,11.0,8.0,0.5
tuza510,57.0,0.6491228070175439,18.378543859649124,254.96400498970863,0.8688170541336131,6.0,4.0,0.44642857142857145
tubo945,57.0,0.8421052631578947,11.692859649122807,158.8833064213189,1.077999098635424,28.0,2.0,0.6964285714285714
bofi323,57.0,0.6666666666666666,21.63528947368421,242.0406392114349,0.7190869964518488,23.0,6.0,0.5357142857142857
zeji633,57.0,0.2982456140350877,20.17538596491228,807.0682198803648,1.4080992637998562,5.0,20.0,0.16071428571428573
bowo488,57.0,0.5789473684210527,20.943745614035087,486.62049163145366,1.0532727353815001,12.0,10.0,0.4642857142857143
pipo687,57.0,0.3508771929824561,23.504719298245615,861.9751047398887,1.2490858609391868,9.0,22.0,0.23214285714285715
core934,57.0,0.7017543859649122,22.55798245614035,622.2066935020679,1.1057758094356296,13.0,4.0,0.5535714285714286
dedu084,57.0,0.5614035087719298,20.353964912280702,257.37164727865763,0.7881907423754981,14.0,22.0,0.5
lowa532,57.0,0.22807017543859648,22.297526315789472,329.3742003123903,0.813931963765257,5.0,33.0,0.10714285714285714
zuha759,57.0,0.2982456140350877,22.423877192982456,372.28819024640507,0.8604565077507049,4.0,22.0,0.16071428571428573
qafu966,57.0,0.2631578947368421,27.12515789473684,1397.4475807320644,1.3781468227882516,5.0,31.0,0.16071428571428573
lobo127,57.0,0.6842105263157895,22.046631578947366,350.11954018416344,0.848722918960433,20.0,6.0,0.5714285714285714
homa046,57.0,0.3508771929824561,33.094210526315784,1410.6119935060776,1.1348847512876967,7.0,10.0,0.19642857142857142
keno764,57.0,0.543859649122807,15.677438596491228,31.886942929198,0.36018973667769305,7.0,8.0,0.3392857142857143
habe142,57.0,0.7719298245614035,19.814385964912283,248.15683409747797,0.7950281414973513,15.0,4.0,0.6428571428571429
joti731,57.0,0.8771929824561403,12.335298245614036,114.38895426868736,0.8670465019662376,24.0,2.0,0.7857142857142857
reve265,57.0,0.7017543859649122,14.441894736842107,137.14701209526942,0.810903173422719,11.0,5.0,0.5357142857142857
cyca115,57.0,0.8771929824561403,13.744157894736842,179.4350892835526,0.9746205219775964,29.0,2.0,0.8035714285714286
rawo522,57.0,0.8596491228070176,18.311947368421052,280.8591781519424,0.9151868660994777,37.0,3.0,0.7857142857142857
pogi169,57.0,0.8771929824561403,29.183087719298243,580.7136228335369,0.8257522515286873,30.0,2.0,0.8035714285714286
vepi727,57.0,0.7017543859649122,25.041964912280697,233.7058698023183,0.6104729251502351,15.0,5.0,0.5357142857142857
risy585,57.0,0.631578947368421,14.807482456140352,80.4188946699248,0.6056166729666099,14.0,3.0,0.4642857142857143
fefu774,57.0,0.7894736842105263,13.75059649122807,136.36071683367794,0.8492256435856173,11.0,3.0,0.6428571428571429
wyxo615,57.0,0.8245614035087719,15.370649122807016,310.98301779641287,1.1472977136404288,13.0,2.0,0.6964285714285714
ciby707,57.0,0.8245614035087719,24.040140350877195,1753.738062290069,1.741988826695476,34.0,3.0,0.75
xuvy948,57.0,0.9473684210526315,16.42719298245614,946.4955674031642,1.8728195449801257,31.0,1.0,0.9107142857142857
ravy196,57.0,0.9649122807017544,18.961982456140348,227.58309637230576,0.7955844031772636,39.0,1.0,0.9285714285714286
loge702,57.0,0.6666666666666666,16.351052631578945,189.7412403906328,0.842432574035416,15.0,4.0,0.4642857142857143
viry492,57.0,0.7368421052631579,21.93801754385965,264.07546808837725,0.7407414539949398,22.0,8.0,0.6428571428571429
gowa049,57.0,0.7894736842105263,18.73317543859649,367.1562268636122,1.0228549440314714,23.0,2.0,0.6428571428571429
vyva107,57.0,0.7543859649122807,15.777684210526315,129.23989964611525,0.7205349421040422,26.0,4.0,0.625
duxo262,57.0,0.8596491228070176,18.454508771929827,140.440702352005,0.6421611191769141,24.0,2.0,0.7678571428571429
peto053,57.0,0.8596491228070176,14.437719298245614,160.82757800848998,0.8783784391505233,28.0,1.0,0.7321428571428571
difi858,57.0,0.8070175438596491,13.934087719298244,232.69095990050124,1.094740576193975,20.0,3.0,0.7142857142857143
xoru423,57.0,0.7192982456140351,20.419561403508773,205.67497128723366,0.702335002667017,11.0,2.0,0.5357142857142857
wizy437,57.0,0.8771929824561403,17.784684210526315,421.2947141359963,1.1541090509870904,12.0,2.0,0.7678571428571429
kuge219,57.0,0.8421052631578947,19.00935087719298,648.2767840062343,1.3394081816953058,18.0,2.0,0.75
hazu473,57.0,0.7017543859649122,19.477543859649124,255.84278995845867,0.82120654159402,13.0,5.0,0.5535714285714286
gono087,57.0,0.7192982456140351,25.889666666666667,396.7306812910714,0.7693455306230785,11.0,3.0,0.5357142857142857
vury347,57.0,0.7368421052631579,16.6699649122807,252.6279998847588,0.9534678554600278,28.0,3.0,0.5892857142857143
copo281,57.0,0.3333333333333333,12.951631578947367,183.3210177106516,1.0453979587861029,5.0,26.0,0.23214285714285715
heda014,57.0,0.8421052631578947,16.484315789473683,313.63110089641293,1.074332306138791,27.0,3.0,0.7678571428571429
powu461,57.0,0.8771929824561403,20.786122807017545,204.25080994804196,0.6875565201413356,40.0,2.0,0.8035714285714286
peqa279,57.0,0.8245614035087719,19.13182456140351,268.80647413176695,0.8569657646884541,38.0,3.0,0.75
lufy687,57.0,0.6140350877192983,18.677894736842106,743.218450584555,1.459588112998357,11.0,8.0,0.44642857142857145
koze985,57.0,0.8771929824561403,21.78247368421053,325.46717589125944,0.8282213082766771,31.0,2.0,0.8035714285714286
hadi890,57.0,0.7368421052631579,17.186087719298246,130.8624560778822,0.6656263552787935,16.0,5.0,0.6071428571428571
recu163,57.0,0.8070175438596491,25.05471929824561,959.2685434814068,1.236176718759902,21.0,3.0,0.6964285714285714
xyzi642,57.0,0.8771929824561403,25.92161403508772,688.5423636766446,1.012286146055632,30.0,2.0,0.8035714285714286
nejy388,57.0,0.631578947368421,25.444403508771927,771.7176638009397,1.0917845550447538,9.0,8.0,0.5
tezy480,57.0,0.7543859649122807,11.214947368421052,75.93276497694235,0.7769934672484953,15.0,3.0,0.5892857142857143
nawu690,57.0,0.7368421052631579,17.606929824561405,189.91895982772553,0.7827093615904415,21.0,5.0,0.6607142857142857
mofe780,57.0,0.6140350877192983,25.471684210526316,1018.8031321181387,1.253105031771,8.0,5.0,0.4107142857142857
nily317,57.0,0.3684210526315789,32.35494736842105,996.4942017373594,0.9756559340462352,5.0,9.0,0.16071428571428573
roho333,57.0,0.543859649122807,27.795649122807013,659.9017026133772,0.9241932743611263,13.0,11.0,0.4107142857142857
xime971,57.0,0.49122807017543857,14.672105263157896,172.65368303098373,0.8955616533121098,8.0,17.0,0.3392857142857143
muqo157,57.0,0.5614035087719298,21.70957894736842,492.3123003707393,1.0220424700016228,7.0,6.0,0.375
riby296,57.0,0.6666666666666666,17.59643859649123,125.84707616342419,0.6375243639013557,8.0,5.0,0.48214285714285715
pala257,57.0,0.7719298245614035,19.935631578947365,290.49779652463974,0.8549513889678871,31.0,4.0,0.6428571428571429
tuby409,57.0,0.7543859649122807,14.54301754385965,193.05106474284148,0.9553919388672818,22.0,5.0,0.6785714285714286
hoxo855,57.0,0.6491228070175439,24.593298245614037,489.6134274445803,0.89972519722099,10.0,4.0,0.5
qixy634,57.0,0.8947368421052632,28.745491228070176,1277.8536701865287,1.2435716927002385,40.0,3.0,0.8392857142857143
niri091,57.0,0.7017543859649122,19.027245614035085,448.1787099496084,1.1126272358476352,16.0,3.0,0.5357142857142857
lazi600,57.0,0.8245614035087719,17.74208771929825,144.8586444424655,0.6783713319410505,18.0,3.0,0.7142857142857143
qedo478,57.0,0.6140350877192983,18.589964912280706,199.83752673029446,0.7604312448035442,14.0,5.0,0.44642857142857145
ruhu758,57.0,0.8421052631578947,20.508842105263156,220.97172504605265,0.7248150651796436,23.0,2.0,0.7142857142857143
cima563,57.0,0.8771929824561403,26.350298245614038,375.23267934190164,0.7351310931520356,29.0,2.0,0.8035714285714286
lyzy104,57.0,0.7017543859649122,22.327333333333332,654.7994109485122,1.1460862016362348,8.0,3.0,0.48214285714285715
xafy802,57.0,0.7543859649122807,21.63177192982456,266.5710443137218,0.7547695854203303,15.0,3.0,0.625
bacy598,57.0,0.24561403508771928,7.366538011695907,108.91455217104918,1.4167053073235953,6.0,13.0,0.125
kexi927,57.0,0.45614035087719296,12.65457894736842,61.645340453105405,0.6204437701012263,11.0,10.0,0.3392857142857143
cumo221,57.0,0.7894736842105263,19.28019298245614,231.723086572807,0.7895384337126938,18.0,2.0,0.6071428571428571
kami789,57.0,0.6140350877192983,18.37280701754386,329.4574348305451,0.9879253806552399,8.0,3.0,0.375
zoko875,57.0,0.8421052631578947,15.896807017543859,144.4588078394737,0.7560701829481267,16.0,5.0,0.7678571428571429
sina926,57.0,0.7719298245614035,11.837929824561403,98.4778316473684,0.8382884405796888,24.0,4.0,0.6785714285714286
fise899,57.0,0.6666666666666666,23.876219298245612,328.7563694078948,0.7594016365107527,8.0,5.0,0.5178571428571429
cija437,57.0,0.8245614035087719,12.235052631578947,61.913298262954264,0.6431112819066641,14.0,3.0,0.7321428571428571
manu258,57.0,0.7543859649122807,28.565771929824567,1375.0929974461621,1.2981356317862323,20.0,3.0,0.6607142857142857
zuwa573,57.0,0.7894736842105263,15.26459649122807,253.7822783958803,1.0436270268317034,15.0,4.0,0.6607142857142857
joxi410,57.0,0.5614035087719298,24.13915204678363,288.05490185345303,0.7030976150227384,10.0,8.0,0.375
muta539,57.0,0.9824561403508771,13.252438596491228,107.27395034080511,0.7815402261247074,47.0,1.0,0.9642857142857143
reqy562,57.0,0.8947368421052632,20.80757894736842,215.3027160130013,0.7051852229021813,26.0,2.0,0.8035714285714286
doxe492,57.0,0.8421052631578947,23.59121052631579,267.7766641459586,0.6936432066298656,15.0,2.0,0.7321428571428571
gylu244,57.0,0.5263157894736842,16.965929824561403,100.52229043040415,0.5909537888899314,14.0,11.0,0.42857142857142855
maxy370,57.0,0.8245614035087719,16.765912280701755,363.914269228775,1.1378168285719814,19.0,4.0,0.75
ryko512,57.0,0.8771929824561403,20.423684210526318,334.13329307349625,0.8950056741258099,33.0,3.0,0.8214285714285714
kula014,57.0,0.8421052631578947,19.466684210526314,210.85050612409148,0.745925304284076,16.0,3.0,0.7142857142857143
jeqy595,57.0,0.5964912280701754,18.086245614035086,197.1875150582393,0.7764102902185012,15.0,8.0,0.4642857142857143
guva627,57.0,0.8421052631578947,17.12580701754386,148.57069343739036,0.7117304215920282,21.0,3.0,0.75
lohy238,57.0,0.8771929824561403,15.925192982456139,409.29612233709264,1.2703813553385255,25.0,2.0,0.8214285714285714
cobi870,57.0,0.6491228070175439,17.71443859649123,253.97072426342416,0.8996310481809959,24.0,13.0,0.5892857142857143
giki066,57.0,0.9298245614035088,8.955473684210526,137.62631954036652,1.3099725218367362,31.0,2.0,0.8928571428571429
hywy001,57.0,0.7368421052631579,14.030596491228069,109.12654713784461,0.7445417781184542,16.0,2.0,0.5714285714285714
feji918,57.0,0.7894736842105263,22.46157894736842,483.7239713766917,0.9791709558370664,34.0,4.0,0.6964285714285714
luli756,57.0,0.7543859649122807,17.65415789473684,147.63071722105266,0.6882422953836642,22.0,4.0,0.6607142857142857
wumu083,57.0,0.8771929824561403,21.60140350877193,432.02388519885653,0.9622145275434043,25.0,2.0,0.7857142857142857
cyga680,57.0,0.8421052631578947,12.351333333333333,110.76162059166666,0.8520808565672638,25.0,4.0,0.75
buvy316,57.0,0.7543859649122807,20.618701754385967,368.2469472645207,0.9306968862742842,10.0,4.0,0.5714285714285714
rejy122,57.0,0.8070175438596491,22.358649122807016,413.09896986516287,0.9090368639782458,26.0,4.0,0.7142857142857143
dusi300,57.0,0.8245614035087719,20.815122807017545,421.73944898822066,0.9866045991173117,13.0,3.0,0.7321428571428571
howe436,57.0,0.8245614035087719,22.336877192982456,390.5160588260182,0.8847019659557387,13.0,2.0,0.6964285714285714
ropi792,57.0,0.8771929824561403,8.572964912280701,75.10270195112783,1.0108733207140226,21.0,1.0,0.7678571428571429
jemy300,57.0,0.8771929824561403,13.140052631578946,148.88471735372806,0.9285984526025363,17.0,2.0,0.7857142857142857
qexo432,57.0,0.7719298245614035,16.014526315789475,149.2235520445332,0.7627892946237185,14.0,3.0,0.6428571428571429
kyso927,57.0,0.8070175438596491,10.859543859649122,162.9245809795896,1.1753892724447081,10.0,2.0,0.6785714285714286
cozi663,57.0,0.42105263157894735,8.75842105263158,69.66680465288222,0.9529873287467288,4.0,5.0,0.125
vani542,57.0,0.7192982456140351,14.150877192982456,224.54288272333966,1.058927641452893,13.0,3.0,0.5535714285714286
kaxu871,57.0,0.7894736842105263,18.69917543859649,562.706808958255,1.2685822454657032,16.0,4.0,0.6607142857142857
moku835,57.0,0.8596491228070176,10.211491228070177,82.1060272329574,0.8873569412245635,17.0,3.0,0.7678571428571429
cahe192,57.0,0.8421052631578947,12.186614035087718,126.3297529888471,0.9222948142844216,42.0,3.0,0.7857142857142857
feso129,57.0,0.8947368421052632,12.705070175438598,115.2257626690946,0.8448852485007565,26.0,4.0,0.8571428571428571
tufa140,57.0,0.9298245614035088,11.777280701754387,85.73225579539475,0.7861892466216948,19.0,1.0,0.875
zigi489,57.0,0.5789473684210527,11.886171052631576,72.11824521091793,0.7144644094482095,7.0,4.0,0.375
dahi696,57.0,0.8245614035087719,9.65442105263158,83.23985677550124,0.9450165767060422,31.0,2.0,0.7142857142857143
quhe482,57.0,0.5087719298245614,10.60392105263158,77.53133927282269,0.830370969220408,9.0,5.0,0.2857142857142857
taxa827,57.0,0.7719298245614035,9.411473684210526,85.05159057965226,0.9799041291871095,14.0,2.0,0.625
vuga321,57.0,0.7719298245614035,16.668894736842105,98.88315505181704,0.5965603067836777,10.0,3.0,0.625
nycu731,57.0,0.8421052631578947,12.055350877192982,69.57005591784149,0.6918808669845838,24.0,2.0,0.7678571428571429
raxy329,57.0,0.7543859649122807,13.690315789473683,216.12539262557962,1.0738396401941899,20.0,3.0,0.625
nyfe489,57.0,0.8596491228070176,19.318859649122807,453.3808356263784,1.10217382238233,26.0,1.0,0.7321428571428571
texu966,57.0,0.6140350877192983,14.617853801169591,103.71657702834341,0.6966914384934794,12.0,5.0,0.4642857142857143
kifo712,57.0,0.631578947368421,10.5920350877193,106.34859253505638,0.9736132207016416,11.0,5.0,0.5
pajo050,57.0,0.6491228070175439,13.66940350877193,162.37723487966014,0.9322083894752594,13.0,13.0,0.5357142857142857
hefy659,57.0,0.6491228070175439,10.993412280701754,93.2499754153822,0.8783990301102599,10.0,5.0,0.48214285714285715
tujy672,57.0,0.7719298245614035,13.168666666666667,78.05696337886907,0.6709096234018561,25.0,6.0,0.6964285714285714
cyfe247,57.0,0.45614035087719296,14.010894736842108,147.58852140032897,0.8670824991141065,7.0,5.0,0.23214285714285715
xori482,57.0,0.7192982456140351,9.782973684210527,117.52997746075347,1.10816247832776,14.0,6.0,0.625
raje697,57.0,0.8245614035087719,24.977824561403512,319.13094469545746,0.7152038572128712,19.0,4.0,0.7321428571428571
biwu043,57.0,0.631578947368421,15.05078947368421,131.0261132295896,0.7605357756921274,23.0,7.0,0.5178571428571429
cylu852,57.0,0.7894736842105263,21.42973684210526,493.3103184051065,1.0364378431033285,16.0,2.0,0.6428571428571429
fode209,57.0,0.6666666666666666,31.433421052631576,1921.090303784727,1.3943835160078468,10.0,7.0,0.5357142857142857
woju333,57.0,0.6491228070175439,14.558549707602339,256.7892804017509,1.100703459637792,12.0,8.0,0.5178571428571429
saca329,57.0,0.8421052631578947,18.007333333333335,282.4747986050595,0.9333412277016545,18.0,1.0,0.6964285714285714
jizi110,57.0,0.7017543859649122,18.84356140350877,791.1779598690789,1.492705396971268,12.0,4.0,0.5535714285714286
vyxi492,57.0,0.9122807017543859,13.571631578947368,212.71195079100875,1.074642182302573,30.0,2.0,0.8392857142857143
xehy451,57.0,0.7543859649122807,24.6119649122807,643.4355915663065,1.0306382415921904,19.0,3.0,0.6071428571428571
feke878,57.0,0.6491228070175439,24.18235087719298,504.1838205538535,0.9285299874512842,17.0,4.0,0.48214285714285715
rozu771,57.0,0.6666666666666666,22.382824561403506,957.6530142240287,1.3825765907139502,14.0,12.0,0.5714285714285714
duvi856,57.0,0.9122807017543859,15.902052631578949,358.652477634978,1.1909231327133318,18.0,2.0,0.8392857142857143
nexu635,57.0,0.7192982456140351,16.374929824561406,175.198755162547,0.8083250923440329,15.0,4.0,0.5535714285714286
cozi454,57.0,0.631578947368421,24.19478947368421,1097.0089386593513,1.368936286823333,8.0,4.0,0.4642857142857143
saze236,57.0,0.7192982456140351,22.4499298245614,540.8747928083803,1.0359370914034927,20.0,7.0,0.625
quzy338,57.0,0.7543859649122807,22.618894736842105,183.94467911610278,0.5996146503140308,10.0,4.0,0.6071428571428571
lula174,57.0,0.8596491228070176,16.41863157894737,156.72017306511592,0.7624747979539124,26.0,2.0,0.75
buzo685,57.0,0.6491228070175439,16.106298245614035,192.4557182913064,0.8613301964338905,7.0,3.0,0.4642857142857143
huby293,57.0,0.9122807017543859,22.893140350877196,600.362177420426,1.070289565023418,30.0,1.0,0.8214285714285714
dyhi182,57.0,0.7192982456140351,21.37675438596491,482.6657950957393,1.0277358217527093,18.0,3.0,0.5535714285714286
tatu362,57.0,0.8070175438596491,24.456789473684207,435.40319215786343,0.8531911840066875,11.0,3.0,0.6785714285714286
bene344,57.0,0.7719298245614035,16.392333333333333,801.0902818809526,1.7266326734816795,11.0,3.0,0.6428571428571429
keho061,57.0,0.631578947368421,16.27375438596491,166.0574561728227,0.7918472873641054,7.0,5.0,0.4642857142857143
vyxy108,57.0,0.6666666666666666,18.58410526315789,252.22008826610266,0.8545710572224023,15.0,7.0,0.5535714285714286
zusa663,57.0,0.8421052631578947,16.195087719298243,266.3193367585369,1.0076693422814305,17.0,3.0,0.7142857142857143
nehe056,57.0,0.9298245614035088,13.473315789473684,216.74686155563904,1.09270245771966,39.0,1.0,0.8571428571428571
myve834,57.0,0.9473684210526315,13.434964912280702,193.94405698535397,1.0365773179256572,38.0,1.0,0.8928571428571429
tyhy481,57.0,0.6491228070175439,22.591192982456143,405.2867777507833,0.8911320266610291,15.0,6.0,0.5
sati762,57.0,0.6666666666666666,18.095964912280703,409.8020843285088,1.1186786148380807,20.0,6.0,0.5357142857142857
biku776,57.0,0.6491228070175439,18.900543859649122,470.0177398218515,1.1470512533549262,8.0,4.0,0.4642857142857143
wify666,57.0,0.8947368421052632,18.73894736842105,186.2445889980733,0.7282770771715088,21.0,2.0,0.8214285714285714
sony276,57.0,0.8421052631578947,16.109912280701753,235.69152216538222,0.952969069407492,36.0,4.0,0.7678571428571429
tusi463,57.0,0.7192982456140351,18.743245614035093,374.5631708076442,1.0325658086000415,12.0,4.0,0.5714285714285714
baco446,57.0,0.5614035087719298,17.189622807017543,148.51879920860748,0.708964301324911,13.0,10.0,0.39285714285714285
coni238,57.0,0.6842105263157895,17.798824561403507,99.59010447774907,0.5606822037328316,22.0,17.0,0.6607142857142857
tuvu087,57.0,0.5087719298245614,17.434438596491226,135.76570057488252,0.6683240122658294,17.0,17.0,0.44642857142857145
vuci475,57.0,0.6491228070175439,16.463368421052632,83.74518194383616,0.5558546181135454,11.0,13.0,0.5535714285714286
seto741,57.0,0.2807017543859649,14.23684210526316,155.07754154069548,0.8747033407935206,7.0,14.0,0.16071428571428573
jewe923,57.0,0.7719298245614035,15.962166666666667,84.9581537315476,0.5774450886177875,26.0,5.0,0.6964285714285714
jaqy340,57.0,0.6666666666666666,16.422894736842107,204.60166261684682,0.87097335662581,23.0,13.0,0.5714285714285714
pubu440,57.0,0.3684210526315789,9.182631578947367,69.92222683713972,0.9106268792642105,7.0,13.0,0.23214285714285715
gyjy255,57.0,0.7368421052631579,14.924763157894738,91.20769041314223,0.6398943584214343,22.0,6.0,0.625
zyte492,57.0,0.8421052631578947,12.650087719298245,168.8672025615132,1.0272570191452068,13.0,2.0,0.7142857142857143
ruco451,57.0,0.6491228070175439,18.822070175438597,296.61678701567195,0.9150197642476372,14.0,13.0,0.5535714285714286
loda300,57.0,0.6666666666666666,14.451181286549707,120.09683653772888,0.7583373292795008,19.0,10.0,0.5714285714285714
moly152,57.0,0.45614035087719296,15.638991228070175,143.66019102618657,0.7664070370792156,14.0,27.0,0.4107142857142857
cuba307,57.0,0.7192982456140351,15.888605263157894,234.4446212512217,0.96368336241617,22.0,5.0,0.5892857142857143
jupo405,57.0,0.5087719298245614,16.90022807017544,146.95682583976344,0.717302452933436,7.0,17.0,0.375
xuke183,57.0,0.7192982456140351,13.416,146.25384149047622,0.9014270607847916,15.0,4.0,0.5714285714285714
mado232,57.0,0.5614035087719298,20.024403508771933,162.2094263802553,0.6360312527566002,11.0,20.0,0.4642857142857143
zafy372,57.0,0.8947368421052632,15.615842105263159,78.10867076986217,0.5659580147029941,18.0,2.0,0.8214285714285714
gyly160,57.0,0.631578947368421,13.481561403508772,151.21652307443608,0.9121356497446294,16.0,5.0,0.48214285714285715
tapi010,57.0,0.38596491228070173,13.437355263157894,153.6954108849272,0.9226067990200446,6.0,26.0,0.25
gelu604,57.0,0.9473684210526315,11.18542105263158,105.9015637296679,0.9200233495297437,38.0,1.0,0.9107142857142857
qiqi041,57.0,0.631578947368421,14.856280701754386,123.21157292560305,0.747163511185387,16.0,13.0,0.5714285714285714
ratu271,57.0,0.7017543859649122,14.66175438596491,332.55692858681067,1.2437899986575423,19.0,4.0,0.6071428571428571
kyqu130,57.0,0.8245614035087719,12.292175438596491,116.72656001033836,0.8789336532531976,18.0,3.0,0.7321428571428571
lucu601,57.0,0.8245614035087719,12.719649122807017,73.4908987621867,0.6739716800024679,33.0,3.0,0.6785714285714286
kama922,57.0,0.7192982456140351,16.031070175438597,399.80961216552316,1.2472804072850103,11.0,4.0,0.5535714285714286
zoma564,57.0,0.7543859649122807,10.992078947368421,148.85591162594764,1.1099494605896087,15.0,6.0,0.6428571428571429
puju088,57.0,0.7368421052631579,24.055245614035087,538.0904831121082,0.9643126410619632,12.0,3.0,0.5892857142857143
jufy997,57.0,0.8421052631578947,19.736192982456142,990.16971390495,1.5943785252044764,16.0,3.0,0.75
wyja070,57.0,0.7719298245614035,16.43759649122807,579.8437554631422,1.4649310257316546,11.0,4.0,0.6428571428571429
dasy955,57.0,0.7017543859649122,13.761947368421053,118.45100231771617,0.7908415478133183,14.0,3.0,0.5178571428571429
wyki565,57.0,0.631578947368421,9.005280701754387,22.301915996585215,0.5244134636900868,12.0,4.0,0.4642857142857143
garu074,57.0,0.8245614035087719,10.806649122807016,105.51473549671051,0.9505292957202965,17.0,4.0,0.7142857142857143
qyxy586,57.0,0.7894736842105263,17.66605263157895,369.8749605293233,1.0886491703513743,30.0,4.0,0.7142857142857143
kegi864,57.0,0.8771929824561403,10.950614035087717,169.09019146950186,1.1874647757936216,22.0,2.0,0.7857142857142857
gyge774,57.0,0.7543859649122807,14.126087719298244,161.45995815347743,0.8995193684615049,20.0,3.0,0.6071428571428571
vyda893,57.0,0.21052631578947367,3.8188070175438598,9.337651034116544,0.8001862930557059,4.0,30.0,0.08928571428571429
vuvy608,57.0,0.8421052631578947,16.435543859649123,507.8647750224467,1.3711657802658803,21.0,2.0,0.7142857142857143
vizo712,57.0,0.7894736842105263,9.78022807017544,67.48569113901944,0.839956639858613,16.0,2.0,0.6428571428571429
givi158,57.0,0.6491228070175439,21.591140350877193,509.91123584840216,1.0458555619312653,8.0,5.0,0.48214285714285715
caro445,57.0,0.7894736842105263,17.976859649122808,213.59765068619987,0.8129885106270779,22.0,4.0,0.6785714285714286
nene689,57.0,0.8596491228070176,16.91463157894737,347.43715138208023,1.1019847513589442,18.0,2.0,0.75
ryfy568,57.0,0.6491228070175439,13.096456140350876,155.3446654361372,0.951687530961804,8.0,3.0,0.4107142857142857
johy783,57.0,0.49122807017543857,21.398991228070177,473.9670495475408,1.0173743275881428,8.0,6.0,0.30357142857142855
sulo956,57.0,0.6491228070175439,20.424245614035087,428.05638421389403,1.0129883829543518,11.0,4.0,0.48214285714285715
gony054,57.0,0.8245614035087719,17.739719298245614,337.7340099504542,1.0359544366198006,14.0,3.0,0.7321428571428571
puca767,57.0,0.7368421052631579,20.400964912280703,389.29458497255627,0.9671380554954143,13.0,3.0,0.5535714285714286
baky109,57.0,0.45614035087719296,14.960701754385966,135.92912550321117,0.7792993180478629,7.0,13.0,0.32142857142857145
mabo887,57.0,0.7368421052631579,16.66811403508772,299.0629143864662,1.0375160351168078,13.0,4.0,0.5892857142857143
cona428,57.0,0.7894736842105263,17.64,1082.2982717967259,1.8649831042613354,25.0,3.0,0.6607142857142857
lilo882,57.0,0.7543859649122807,19.161456140350875,287.1404127531015,0.8843387405740288,14.0,3.0,0.5892857142857143
gycy436,57.0,0.7368421052631579,15.372877192982456,176.2494711891134,0.8635922842880004,22.0,7.0,0.6071428571428571
jyri631,57.0,0.8070175438596491,21.542596491228068,761.8300627917137,1.2812415270150241,18.0,3.0,0.6964285714285714
safu128,57.0,0.8771929824561403,23.330140350877194,298.4510342067356,0.7404899909484611,32.0,3.0,0.8035714285714286
fore104,57.0,0.8070175438596491,18.59235087719298,219.64182160593668,0.797119092815619,17.0,2.0,0.6607142857142857
zabe850,57.0,0.8245614035087719,18.113947368421055,212.56548594360905,0.8048839613415213,21.0,2.0,0.6964285714285714
woci389,57.0,0.7719298245614035,20.63177192982456,451.5116736756266,1.029906889486062,13.0,3.0,0.5892857142857143
kygi723,57.0,0.7543859649122807,19.68750877192982,330.34142882819555,0.923189288439357,18.0,6.0,0.6607142857142857
qejy219,57.0,0.8771929824561403,15.29840350877193,206.22470910897556,0.9386944242457181,17.0,2.0,0.7857142857142857
jago498,57.0,0.7894736842105263,16.40105263157895,342.93711731473996,1.1291081031623227,13.0,3.0,0.6607142857142857
buby593,57.0,0.8070175438596491,12.674649122807017,115.35702710623433,0.847395361029993,26.0,3.0,0.6785714285714286
dapu822,57.0,0.7894736842105263,22.582894736842103,1170.6182442649122,1.515053726561946,12.0,4.0,0.6607142857142857
sugu976,57.0,0.5964912280701754,10.59563157894737,103.43311491600876,0.9598490797948743,11.0,8.0,0.4642857142857143
wuxa997,57.0,0.631578947368421,22.469666666666665,206.19494871130954,0.6390610978611613,12.0,13.0,0.5357142857142857
tiqy778,57.0,0.7894736842105263,14.340035087719299,154.65124717196113,0.8672144373313563,25.0,2.0,0.6428571428571429
xyfe491,57.0,0.42105263157894735,15.060456140350878,157.49433101351815,0.8332864835698611,6.0,8.0,0.21428571428571427
ryhy064,57.0,0.8421052631578947,14.435105263157894,247.23499428693611,1.089268678385881,35.0,4.0,0.7678571428571429
kufi222,57.0,0.7192982456140351,11.362736842105262,51.337239863142216,0.6305700058681488,20.0,6.0,0.5714285714285714
xaja332,57.0,0.7368421052631579,17.46136842105263,230.37276887136588,0.8692351809004151,17.0,5.0,0.625
fofa613,57.0,0.5789473684210527,11.402649122807018,29.807658748793862,0.478804443496388,9.0,9.0,0.44642857142857145
viba035,57.0,0.5614035087719298,17.992824561403506,161.06977792789786,0.7053548949378481,12.0,10.0,0.4107142857142857
qewy924,57.0,0.8070175438596491,10.795578947368423,54.48529434246554,0.683744290704777,14.0,4.0,0.7142857142857143
pytu496,57.0,0.6842105263157895,14.428771929824558,177.72488161729325,0.9239420821522629,13.0,4.0,0.5178571428571429
tosa657,57.0,0.8421052631578947,11.914175438596493,122.20475031896929,0.9278548733839371,15.0,2.0,0.7321428571428571
keri121,57.0,0.9473684210526315,12.626877192982455,94.15765479119673,0.7684787446177299,49.0,2.0,0.9285714285714286
bofi991,57.0,0.6140350877192983,16.532526315789475,166.93698433917604,0.7815145342800187,12.0,7.0,0.4642857142857143
bihi184,57.0,0.17543859649122806,12.843859649122809,141.88304268024748,0.9274055604926227,5.0,36.0,0.10714285714285714
piro376,57.0,0.7368421052631579,23.522988304093566,497.16906435958293,0.9478935237917722,21.0,5.0,0.625
zejy480,57.0,0.543859649122807,16.571964912280702,384.37190915410395,1.1830465007777,6.0,6.0,0.39285714285714285
zapy404,57.0,0.631578947368421,19.841666666666665,206.97681400684516,0.7250746129396349,11.0,6.0,0.4642857142857143
lusi512,57.0,0.6842105263157895,23.411824561403506,346.85251112879075,0.7954944618636478,12.0,8.0,0.5714285714285714
sedo490,57.0,0.2807017543859649,16.629421052631578,121.10656623100724,0.661769451787007,4.0,12.0,0.14285714285714285
davu999,57.0,0.7543859649122807,15.928929824561402,229.49230103754704,0.9510371047292823,12.0,3.0,0.5892857142857143
buby236,57.0,0.2807017543859649,11.480964912280701,165.08905150916348,1.1191305377687668,11.0,23.0,0.19642857142857142
weru214,57.0,0.7719298245614035,14.305508771929825,108.647665095755,0.7286297352684937,12.0,3.0,0.625
tyly265,57.0,0.3508771929824561,19.72535087719298,543.3242253696274,1.1816933662466986,4.0,17.0,0.19642857142857142
nise834,57.0,0.2631578947368421,15.338429824561405,170.04667896835056,0.8501649056270106,8.0,21.0,0.17857142857142858
voxy002,57.0,0.24561403508771928,6.07240350877193,39.356431151832716,1.0331115865773248,6.0,25.0,0.14285714285714285
fypi681,57.0,0.6842105263157895,16.51217543859649,433.53108579456455,1.260973115916212,9.0,6.0,0.5357142857142857
xopa120,57.0,0.24561403508771928,13.478719298245615,148.64872680223996,0.9045487293443344,7.0,36.0,0.16071428571428573
wari483,57.0,0.6491228070175439,23.923947368421054,200.2753488462876,0.5915356320281213,21.0,9.0,0.5535714285714286
kegy317,57.0,0.7543859649122807,14.351736842105263,162.99628798843986,0.8895787388553453,21.0,3.0,0.625
geka905,57.0,0.7543859649122807,22.305824561403508,352.69942171033836,0.8419457164103625,21.0,3.0,0.6071428571428571
lore323,57.0,0.3508771929824561,17.1375350877193,116.45652997583021,0.6296998150177366,5.0,9.0,0.17857142857142858
vane668,57.0,0.8771929824561403,27.209175438596493,701.0984254338501,0.9731372905043065,23.0,2.0,0.8035714285714286
zuxy510,57.0,0.10526315789473684,14.252526315789474,142.97953093925045,0.8389673937876074,2.0,26.0,0.03571428571428571
masu336,57.0,0.7368421052631579,13.018754385964911,81.84618019692982,0.6949119405249823,11.0,3.0,0.625
xise560,57.0,0.6842105263157895,17.72640350877193,166.5212374637375,0.727971176044944,11.0,5.0,0.5357142857142857
zomi496,57.0,0.5964912280701754,24.933684210526316,704.2238113351035,1.0643118508744385,6.0,5.0,0.35714285714285715
lilu285,57.0,0.24561403508771928,26.795631578947365,645.1286666496396,0.9478926861433279,3.0,15.0,0.07142857142857142
heqi003,57.0,0.21052631578947367,14.268614035087717,374.224325237359,1.3557643706504807,5.0,30.0,0.125
jise415,57.0,0.8771929824561403,11.452526315789473,133.6860820329261,1.0095824661282726,26.0,2.0,0.7857142857142857
vabe169,57.0,0.8771929824561403,15.125526315789475,158.79681320673558,0.8331254393248775,26.0,3.0,0.8035714285714286
kofa904,57.0,0.47368421052631576,21.891421052631582,617.618973244251,1.1352365374544582,6.0,8.0,0.30357142857142855
peqo117,57.0,0.17543859649122806,14.406149122807017,134.9661481682135,0.8064259988812547,4.0,37.0,0.08928571428571429
gaho243,57.0,0.7368421052631579,21.364210526315794,288.3981859757206,0.794894355780415,14.0,4.0,0.6071428571428571
mude815,57.0,0.3157894736842105,9.627912280701754,69.7931419966322,0.867709296178874,4.0,15.0,0.16071428571428573
raxe285,57.0,0.6491228070175439,11.676859649122807,129.9507561713189,0.9762551665647707,14.0,9.0,0.5714285714285714
qami382,57.0,0.8245614035087719,18.87822807017544,325.59568287503134,0.9558243505280757,15.0,2.0,0.6607142857142857
bebo956,57.0,0.45614035087719296,21.89198245614035,303.41039475355575,0.7956647833420363,5.0,14.0,0.2857142857142857
cofi309,57.0,0.7719298245614035,28.596824561403512,685.515552516886,0.9155685056029164,29.0,3.0,0.6607142857142857
buqe642,57.0,0.8245614035087719,13.77759649122807,166.1230213387375,0.9354949540417482,15.0,2.0,0.6964285714285714
vuzo690,57.0,0.7017543859649122,22.269070175438596,712.2405744601658,1.1984261350747978,12.0,3.0,0.5535714285714286
posy958,57.0,0.8070175438596491,15.658350877192982,187.5913362554903,0.8747025001219346,26.0,10.0,0.7857142857142857
gaga585,57.0,0.7017543859649122,14.088543859649123,121.73907749863723,0.7831571096623704,21.0,4.0,0.5714285714285714
vopa930,57.0,0.7192982456140351,17.291298245614037,235.36781417731837,0.8872498515694439,11.0,3.0,0.5357142857142857
xutu412,57.0,0.9473684210526315,15.192508771929823,235.43785654962403,1.0099704141661676,32.0,1.0,0.9107142857142857
doxi119,57.0,0.42105263157894735,15.226947368421053,410.26286648527565,1.3302040275277314,5.0,9.0,0.21428571428571427
feqy379,57.0,0.7894736842105263,16.29177192982456,154.47566666818605,0.7628896402117779,20.0,4.0,0.6785714285714286
xypo299,57.0,0.42105263157894735,20.111947368421053,286.99118148393643,0.8423258953245685,8.0,13.0,0.30357142857142855
gahu141,57.0,0.8596491228070176,13.046122807017547,146.79822425042292,0.9287074698855297,16.0,2.0,0.75
kyse146,57.0,0.8421052631578947,15.080859649122806,266.6068522617951,1.082703536873852,24.0,2.0,0.7321428571428571
sedi312,57.0,0.7719298245614035,14.7369649122807,154.0170150082707,0.8421244981681192,17.0,3.0,0.6607142857142857
nasi298,57.0,0.8771929824561403,16.11421052631579,251.73845365220865,0.9846134110162501,31.0,2.0,0.7857142857142857
naky151,57.0,0.6140350877192983,28.106947368421054,1213.184435885573,1.239223768288764,10.0,8.0,0.44642857142857145
koqa816,57.0,0.9473684210526315,16.286140350877194,167.67756283560468,0.7950955143664241,33.0,1.0,0.8928571428571429
sila763,57.0,0.8245614035087719,16.14119298245614,135.01027507161652,0.7198595674755092,30.0,2.0,0.6964285714285714
pody147,57.0,0.8245614035087719,14.168947368421053,208.8079310575972,1.019849079039716,33.0,3.0,0.7321428571428571
voza333,57.0,0.8947368421052632,15.229087719298246,94.26744753770365,0.6375393359574816,22.0,2.0,0.8392857142857143
tiro932,57.0,0.7543859649122807,16.573859649122806,232.25502908947368,0.9195151868632461,15.0,2.0,0.5892857142857143
wujy562,57.0,0.8070175438596491,15.95398245614035,540.0480321520677,1.4566227338855395,15.0,3.0,0.6785714285714286
hamu369,57.0,0.8421052631578947,23.007859649122807,707.7239883481045,1.1562606307091814,25.0,2.0,0.75
nape687,57.0,0.2982456140350877,20.118263157894738,341.31691776492795,0.9183081165793847,8.0,11.0,0.17857142857142858
gevi782,57.0,0.7368421052631579,22.096087719298243,385.3269101132988,0.8883810470497631,22.0,8.0,0.6071428571428571
qoha890,57.0,0.9473684210526315,13.181456140350878,117.08584069833958,0.8208972492356029,30.0,2.0,0.9285714285714286
fili803,57.0,0.8596491228070176,14.287561403508771,111.57914144467418,0.7393216052709483,34.0,3.0,0.8035714285714286
puce552,57.0,0.543859649122807,18.967456140350876,48.45480885875626,0.3669943294494227,7.0,6.0,0.32142857142857145
buny935,57.0,0.7543859649122807,13.112736842105262,116.85083314915413,0.8243707257528617,21.0,4.0,0.6428571428571429
pimi228,57.0,0.6666666666666666,16.705807017543858,434.1275987588189,1.247214748576211,10.0,3.0,0.4642857142857143
kyjo289,57.0,0.7719298245614035,21.410473684210526,208.2319189680451,0.6739805675611118,20.0,3.0,0.6428571428571429
bepo134,57.0,0.7894736842105263,15.334684210526316,99.14799778599624,0.6493324952447037,27.0,5.0,0.6964285714285714
kise589,57.0,0.7894736842105263,21.945842105263157,320.3492202359336,0.8155668884728539,24.0,3.0,0.6964285714285714
remi231,57.0,0.6666666666666666,19.45861403508772,287.7557777025376,0.871766392167972,10.0,5.0,0.4642857142857143
qyjo579,57.0,0.7543859649122807,16.319315789473684,560.3463551017701,1.4505287105033806,9.0,3.0,0.5892857142857143
cyhu257,57.0,0.543859649122807,16.171263157894735,69.99374370838032,0.5173514456083397,12.0,8.0,0.39285714285714285
diha837,57.0,0.7543859649122807,14.331561403508772,207.8757350318766,1.0060241127704102,13.0,2.0,0.5535714285714286
ware232,57.0,0.8947368421052632,20.019350877192984,381.38620570653194,0.9755117370608419,29.0,2.0,0.8035714285714286
hyge979,57.0,0.8070175438596491,17.839473684210528,541.0730528853071,1.3039048938551745,16.0,2.0,0.6607142857142857
biqe951,57.0,0.7543859649122807,15.21384210526316,107.60090697849311,0.6818189402852332,12.0,4.0,0.625
jide437,57.0,0.8947368421052632,17.292701754385963,234.226184872854,0.8850236392393467,20.0,1.0,0.8035714285714286
zipu412,57.0,0.7894736842105263,11.980368421052633,120.51382716898499,0.9163223205207802,18.0,3.0,0.6428571428571429
vate767,57.0,0.7894736842105263,14.077736842105264,187.3719642628446,0.9723429332900813,20.0,2.0,0.6428571428571429
mefy253,57.0,0.8070175438596491,22.309157894736842,488.10128079456445,0.9903114408335042,17.0,4.0,0.7321428571428571
qafe413,57.0,0.5964912280701754,13.74954385964912,82.50929658197056,0.6606373928176641,8.0,5.0,0.4107142857142857
lota555,57.0,0.2807017543859649,12.901175438596493,92.55252373414787,0.7457012167633531,3.0,14.0,0.125
mecu237,57.0,0.7543859649122807,18.806947368421053,479.873367556109,1.1647829763930466,16.0,3.0,0.6428571428571429
cidy099,57.0,0.8771929824561403,13.105842105263156,119.81228293355264,0.8351908741264824,24.0,2.0,0.7857142857142857
xoba600,57.0,0.8245614035087719,14.437122807017543,416.0077541325658,1.412765439134796,16.0,4.0,0.75
joce161,57.0,0.2982456140350877,5.116298245614035,6.471406332973058,0.49721415260083823,3.0,10.0,0.14285714285714285
kywu572,57.0,0.8596491228070176,13.334964912280702,139.11074792523496,0.8844809133871616,33.0,3.0,0.7678571428571429
jefi901,57.0,0.8421052631578947,11.867842105263158,142.89929868533835,1.007263945884489,16.0,2.0,0.75
mari840,57.0,0.7543859649122807,19.367649122807016,768.6187613592105,1.4314579075275449,25.0,5.0,0.6428571428571429
nypy058,57.0,0.6140350877192983,13.310771929824561,75.70114965449561,0.6536541086433856,12.0,12.0,0.5178571428571429
rino885,57.0,0.7719298245614035,10.740666666666668,83.05565403928573,0.8485029619063524,22.0,3.0,0.6428571428571429
maju644,57.0,0.5789473684210527,10.950070175438597,163.3549378631422,1.1672106215404663,11.0,13.0,0.48214285714285715
qosy291,57.0,0.7719298245614035,10.453947368421053,66.76039343378758,0.7815902523984318,13.0,2.0,0.625
posy537,57.0,0.8596491228070176,11.432298245614037,113.6335002993421,0.9324373179831286,23.0,2.0,0.75
xoki390,57.0,0.5614035087719298,14.622736842105263,295.04884028576123,1.1746765300940014,9.0,6.0,0.39285714285714285
fagi164,57.0,0.5964912280701754,18.10322807017544,119.15340644765035,0.6029720876681763,5.0,5.0,0.39285714285714285
zozy719,57.0,0.7894736842105263,18.070684210526316,176.24314379790098,0.7346517525660471,27.0,5.0,0.7142857142857143
bopa107,57.0,0.7894736842105263,10.177403508771931,26.80538647028509,0.5087144137866334,31.0,5.0,0.7142857142857143
jyly989,57.0,0.6666666666666666,8.777035087719296,70.38411843118735,0.9558494688725941,11.0,3.0,0.48214285714285715
togu404,57.0,0.7719298245614035,18.222333333333335,132.57250836666665,0.6318627452377822,18.0,4.0,0.6428571428571429
gosa272,57.0,0.631578947368421,14.75633333333333,267.56895411815475,1.1085094594548646,15.0,7.0,0.4642857142857143
fovo989,57.0,0.8421052631578947,14.42605263157895,244.3849963831924,1.08365180189357,17.0,3.0,0.75
sira606,57.0,0.7192982456140351,14.755868421052632,135.93070284681235,0.7901217324191934,18.0,6.0,0.6607142857142857
loby351,57.0,0.7192982456140351,16.738385964912283,159.29719606920426,0.7540332340525192,17.0,5.0,0.625
fike806,57.0,0.7368421052631579,11.007035087719299,113.8637924386278,0.9694434293266757,22.0,8.0,0.625
fafe171,57.0,0.45614035087719296,22.206812865497078,433.7070610161906,0.9378038548233307,6.0,15.0,0.25
zyvo780,57.0,0.8245614035087719,16.269508771929825,128.56212044843357,0.696918628100608,21.0,3.0,0.7142857142857143
xune455,57.0,0.7368421052631579,14.171999999999999,246.3505721675595,1.107504868407056,15.0,5.0,0.6071428571428571
vamu972,57.0,0.8596491228070176,14.43921052631579,328.7931273745301,1.2557925926024847,24.0,3.0,0.7857142857142857
suzo040,57.0,0.6842105263157895,23.64505263157895,1223.2186515828944,1.479148448192036,12.0,4.0,0.5
wype120,57.0,0.6666666666666666,14.011236842105262,296.27804373903507,1.2284946228093587,17.0,12.0,0.5714285714285714
jicu869,57.0,0.6491228070175439,16.284622807017545,145.5936691057801,0.7409579152961702,14.0,7.0,0.5
wero373,57.0,0.8070175438596491,15.089087719298245,144.421274927287,0.7964391569770835,15.0,3.0,0.6964285714285714
juqo313,57.0,0.8245614035087719,11.366052631578947,78.18218023140665,0.7779366383519217,29.0,4.0,0.75
vexo008,57.0,0.543859649122807,20.650432748538012,398.1770865435115,0.9662933152945731,8.0,6.0,0.35714285714285715
punu787,57.0,0.42105263157894735,23.832578947368418,297.0981194103227,0.7232341273441575,8.0,8.0,0.26785714285714285
tomo782,57.0,0.15789473684210525,16.058070175438594,95.16857861946663,0.6075100124664939,3.0,22.0,0.05357142857142857
cupe992,57.0,0.3157894736842105,17.959833333333332,229.44130001897324,0.8433998030184767,7.0,11.0,0.17857142857142858
kyjo535,57.0,0.6842105263157895,14.353070175438596,108.60482115927319,0.7260720920764703,15.0,4.0,0.5357142857142857
raja244,57.0,0.6666666666666666,15.633350877192983,166.04808111962726,0.8242611966027338,10.0,5.0,0.5357142857142857
pino324,57.0,0.7192982456140351,27.576385964912276,954.7246185516449,1.1204738152270306,15.0,5.0,0.5892857142857143
qutu379,57.0,0.5087719298245614,14.042859649122807,258.98337917846175,1.1459888476740625,12.0,15.0,0.35714285714285715
nolu547,57.0,0.6140350877192983,25.108017543859653,1420.614153911889,1.5011553736716885,8.0,4.0,0.375
cape571,57.0,0.38596491228070173,18.569526315789474,120.6975936504856,0.5916276737937027,6.0,11.0,0.21428571428571427
coma628,57.0,0.7719298245614035,20.295473684210528,274.2563115534617,0.8159792660565717,13.0,3.0,0.6071428571428571
mida684,57.0,0.8771929824561403,12.131070175438596,299.92635218992797,1.427605451587204,28.0,2.0,0.8035714285714286
gaqe214,57.0,0.8245614035087719,8.775842105263157,88.47564699307645,1.0718230013165653,16.0,3.0,0.7142857142857143
pufe463,57.0,0.8947368421052632,10.580228070175439,193.8979183027099,1.3161080444831363,18.0,2.0,0.8392857142857143
fifa517,57.0,0.8771929824561403,10.38743859649123,110.74294005925752,1.013093560931009,17.0,1.0,0.7678571428571429
wuzy577,57.0,0.9473684210526315,9.105263157894736,109.91846945718984,1.1514440344327077,33.0,1.0,0.9107142857142857
sire515,57.0,0.8947368421052632,10.089315789473684,172.56823080831762,1.3020231556183202,25.0,2.0,0.8392857142857143
xyhi085,57.0,0.8771929824561403,10.25842105263158,79.64357480407268,0.8699511209059855,28.0,4.0,0.8035714285714286
nexy906,57.0,0.8596491228070176,9.384280701754387,106.3770330025376,1.0990639087681529,20.0,2.0,0.75
pyzi618,57.0,0.9473684210526315,13.459368421052632,414.79268383565164,1.5131809413015624,28.0,1.0,0.8928571428571429
muku118,57.0,0.7543859649122807,13.275017543859647,124.64018581456766,0.8409960193683832,15.0,4.0,0.6428571428571429
kewi488,57.0,0.7017543859649122,11.943,116.17789157083334,0.9025022908296877,11.0,4.0,0.5535714285714286
xafu780,57.0,0.2807017543859649,9.194947368421055,87.06349080015663,1.0147727357908596,3.0,8.0,0.08928571428571429
wowy820,57.0,0.3333333333333333,20.23771929824561,319.0116468869127,0.8825548414589383,7.0,23.0,0.21428571428571427
ryzo168,57.0,0.7368421052631579,14.708228070175437,156.0024787202694,0.849191021857658,16.0,3.0,0.5535714285714286
xavy753,57.0,0.2631578947368421,19.790070175438593,418.0875562369518,1.0332044942057563,4.0,19.0,0.16071428571428573
deje129,57.0,0.2982456140350877,22.61970175438596,327.9579376148182,0.8006121911923536,6.0,14.0,0.16071428571428573
